,instance,bare_metal,arch,vcpu,threads_per_core,memory_mb,gpu,price
0,r5b.xlarge,False,x86_64,4,2,32768,False,1.798
1,r7a.4xlarge,False,x86_64,16,1,131072,False,1.2172
2,g5g.metal,True,arm64,64,1,131072,True,2.869
3,c4.large,False,x86_64,2,2,3840,False,0.435
4,r5d.16xlarge,False,x86_64,64,2,524288,False,4.608
5,a1.medium,False,arm64,1,1,2048,False,0.087
6,r6idn.xlarge,False,x86_64,4,2,32768,False,0.42986
7,r7a.medium,False,x86_64,1,1,8192,False,0.26368
8,r5d.24xlarge,False,x86_64,96,2,786432,False,12.95
9,r6id.metal,True,x86_64,128,2,1048576,False,9.9008
10,c7a.metal-48xl,True,x86_64,192,1,393216,False,9.97844
11,x1e.2xlarge,False,x86_64,8,2,249856,False,4.833
12,c4.xlarge,False,x86_64,4,2,7680,False,1.7
13,x1.16xlarge,False,x86_64,64,2,999424,False,30.799
14,m6idn.16xlarge,False,x86_64,64,2,262144,False,9.11744
15,z1d.xlarge,False,x86_64,4,2,32768,False,0.852
16,r5dn.metal,True,x86_64,96,2,786432,False,14.054
17,r5d.metal,True,x86_64,96,2,786432,False,7.077
18,m6idn.xlarge,False,x86_64,4,2,16384,False,0.31824
19,c7a.medium,False,x86_64,1,1,2048,False,0.53132
20,r5n.4xlarge,False,x86_64,16,2,131072,False,1.264
21,r5ad.24xlarge,False,x86_64,96,2,786432,False,18.315
22,r5.2xlarge,False,x86_64,8,2,65536,False,3.81
23,d3en.8xlarge,False,x86_64,32,2,131072,False,6.63914
24,c5.18xlarge,False,x86_64,72,2,147456,False,11.7
25,r7gd.8xlarge,False,arm64,32,1,196608,False,2.3076
26,c4.2xlarge,False,x86_64,8,2,15360,False,1.565
27,m2.xlarge,False,x86_64,2,1,17510,False,0.27
28,i2.8xlarge,False,x86_64,32,2,249856,False,6.82
29,m7a.16xlarge,False,x86_64,64,1,262144,False,28.24538
30,m5ad.large,False,x86_64,2,2,8192,False,0.409
31,c7gd.12xlarge,False,arm64,48,1,98304,False,2.3023
32,r5ad.12xlarge,False,x86_64,48,2,393216,False,3.458
33,r6i.16xlarge,False,x86_64,64,2,524288,False,11.877
34,c6id.24xlarge,False,x86_64,96,2,196608,False,5.45224
35,r5dn.2xlarge,False,x86_64,8,2,65536,False,1.758
36,c7a.32xlarge,False,x86_64,128,1,262144,False,7.39086
37,c7gd.medium,False,arm64,1,1,2048,False,0.0454
38,m6gd.xlarge,False,arm64,4,1,16384,False,0.2371
39,c6g.xlarge,False,arm64,4,1,8192,False,0.136
40,m6g.xlarge,False,arm64,4,1,16384,False,0.154
41,r7g.large,False,arm64,2,1,16384,False,0.1701
42,c6id.metal,True,x86_64,128,2,262144,False,6.4512
43,m5zn.metal,True,x86_64,48,2,196608,False,9.8891
44,m6idn.24xlarge,False,x86_64,96,2,393216,False,24.33754
45,x2iezn.4xlarge,False,x86_64,16,2,524288,False,3.738
46,m7g.8xlarge,False,arm64,32,1,131072,False,1.3616
47,m6a.4xlarge,False,x86_64,16,2,65536,False,0.8562
48,r6idn.32xlarge,False,x86_64,128,2,1048576,False,28.02996
49,a1.large,False,arm64,2,1,4096,False,0.0541
50,r5ad.xlarge,False,x86_64,4,2,32768,False,1.946
51,c6id.16xlarge,False,x86_64,64,2,131072,False,6.1696
52,m6in.16xlarge,False,x86_64,64,2,262144,False,5.0659
53,i4i.16xlarge,False,x86_64,64,2,524288,False,5.656
54,m5dn.xlarge,False,x86_64,4,2,16384,False,0.332
55,r5b.large,False,x86_64,2,2,16384,False,0.2579
56,m7i-flex.2xlarge,False,x86_64,8,2,32768,False,0.38304
57,g4dn.12xlarge,False,x86_64,48,2,196608,True,4.037
58,c1.xlarge,False,x86_64,8,1,7168,False,1.16
59,m5n.metal,True,x86_64,96,2,393216,False,5.877
60,c6gn.4xlarge,False,arm64,16,1,32768,False,0.8562
61,m5.metal,True,x86_64,96,2,393216,False,9.024
62,c6gn.xlarge,False,arm64,4,1,8192,False,0.19708
63,r5n.xlarge,False,x86_64,4,2,32768,False,0.482
64,m7gd.large,False,arm64,2,1,8192,False,0.1132
65,m5dn.8xlarge,False,x86_64,32,2,131072,False,2.341
66,i4g.16xlarge,False,arm64,64,1,524288,False,5.05408
67,i2.2xlarge,False,x86_64,8,2,62464,False,5.244
68,r6idn.24xlarge,False,x86_64,96,2,786432,False,10.48459
69,i3.16xlarge,False,x86_64,64,2,499712,False,4.992
70,x1e.8xlarge,False,x86_64,32,2,999424,False,9.352
71,m6in.32xlarge,False,x86_64,128,2,524288,False,30.15872
72,c6a.large,False,x86_64,2,2,4096,False,0.14415
73,i3en.large,False,x86_64,2,2,16384,False,0.32
74,r5ad.4xlarge,False,x86_64,16,2,131072,False,2.968
75,c6id.12xlarge,False,x86_64,48,2,98304,False,8.3442
76,d3.2xlarge,False,x86_64,8,2,65536,False,4.099
77,c6gn.large,False,arm64,2,1,4096,False,0.1814
78,m7a.xlarge,False,x86_64,4,1,16384,False,1.79184
79,m7g.16xlarge,False,arm64,64,1,262144,False,2.7362
80,x2idn.24xlarge,False,x86_64,96,2,1572864,False,11.7655
81,r3.8xlarge,False,x86_64,32,2,249856,False,3.197
82,c6gd.8xlarge,False,arm64,32,1,65536,False,1.4675
83,t4g.2xlarge,False,arm64,8,1,32768,False,0.3988
84,r6id.4xlarge,False,x86_64,16,2,131072,False,3.41556
85,im4gn.xlarge,False,arm64,4,1,16384,False,0.46017
86,g5g.4xlarge,False,arm64,16,1,32768,True,0.828
87,r3.2xlarge,False,x86_64,8,2,62464,False,1.624
88,c7g.xlarge,False,arm64,4,1,8192,False,0.2104
89,r5b.metal,True,x86_64,96,2,786432,False,43.8672
90,inf2.8xlarge,False,x86_64,32,2,131072,False,1.96786
91,c7a.xlarge,False,x86_64,4,1,8192,False,0.28581
92,m7g.2xlarge,False,arm64,8,1,32768,False,0.477
93,x2gd.medium,False,arm64,1,1,16384,False,0.0919
94,m5n.xlarge,False,x86_64,4,2,16384,False,0.259
95,r6in.xlarge,False,x86_64,4,2,32768,False,0.88866
96,c7gn.xlarge,False,arm64,4,1,8192,False,0.3446
97,r5.12xlarge,False,x86_64,48,2,393216,False,5.232
98,m6in.12xlarge,False,x86_64,48,2,196608,False,9.60067
99,m6id.metal,True,x86_64,128,2,524288,False,55.7586
100,m5d.xlarge,False,x86_64,4,2,16384,False,1.924
101,x2iedn.4xlarge,False,x86_64,16,2,524288,False,9.79795
102,c7gd.16xlarge,False,arm64,64,1,131072,False,3.033
103,r6idn.16xlarge,False,x86_64,64,2,524288,False,30.87773
104,m5dn.2xlarge,False,x86_64,8,2,32768,False,1.634
105,d3.4xlarge,False,x86_64,16,2,131072,False,4.854
106,m5dn.metal,True,x86_64,96,2,393216,False,46.944
107,c7a.2xlarge,False,x86_64,8,1,16384,False,0.46562
108,c6a.metal,True,x86_64,192,2,393216,False,7.469
109,m6a.xlarge,False,x86_64,4,2,16384,False,0.8368
110,m6gd.12xlarge,False,arm64,48,1,196608,False,2.2996
111,m6g.16xlarge,False,arm64,64,1,262144,False,2.464
112,c5n.18xlarge,False,x86_64,72,2,196608,False,12.658
113,z1d.metal,True,x86_64,48,2,393216,False,5.41
114,is4gen.large,False,arm64,2,1,12288,False,0.28815
115,m6id.16xlarge,False,x86_64,64,2,262144,False,27.7968
116,d3.8xlarge,False,x86_64,32,2,262144,False,4.93587
117,m5a.xlarge,False,x86_64,4,2,16384,False,0.757
118,i2.xlarge,False,x86_64,4,2,31232,False,2.413
119,p3.8xlarge,False,x86_64,32,2,249856,True,13.712
120,r6gd.8xlarge,False,arm64,32,1,262144,False,2.0788
121,c6in.24xlarge,False,x86_64,96,2,196608,False,21.92352
122,m7i.48xlarge,False,x86_64,192,2,786432,False,13.0708
123,r6in.large,False,x86_64,2,2,16384,False,0.49176
124,r6a.2xlarge,False,x86_64,8,2,65536,False,3.62896
125,r7gd.12xlarge,False,arm64,48,1,262144,False,3.5914
126,c5.4xlarge,False,x86_64,16,2,32768,False,3.058
127,c5.12xlarge,False,x86_64,48,2,98304,False,6.949
128,c7a.4xlarge,False,x86_64,16,1,32768,False,7.03323
129,m6gd.16xlarge,False,arm64,64,1,262144,False,2.8928
130,m6i.4xlarge,False,x86_64,16,2,65536,False,0.736
131,r7a.2xlarge,False,x86_64,8,1,65536,False,0.68346
132,m7gd.medium,False,arm64,1,1,4096,False,0.1484
133,m6i.xlarge,False,x86_64,4,2,16384,False,0.3062
134,c5n.4xlarge,False,x86_64,16,2,43008,False,1.134
135,c7i.2xlarge,False,x86_64,8,2,16384,False,0.623
136,m5d.4xlarge,False,x86_64,16,2,65536,False,7.64
137,m6id.xlarge,False,x86_64,4,2,16384,False,0.32863
138,r7a.metal-48xl,True,x86_64,192,1,1572864,False,26.6832
139,m6a.24xlarge,False,x86_64,96,2,393216,False,15.6672
140,g4dn.4xlarge,False,x86_64,16,2,65536,True,1.625
141,trn1n.32xlarge,False,x86_64,128,2,524288,False,24.78
142,m6a.12xlarge,False,x86_64,48,2,196608,False,5.0928
143,g5.xlarge,False,x86_64,4,2,16384,True,1.1066
144,r7iz.8xlarge,False,x86_64,32,2,262144,False,3.9476
145,f1.4xlarge,False,x86_64,16,2,249856,False,3.73
146,c6a.48xlarge,False,x86_64,192,2,393216,False,7.474
147,c5ad.large,False,x86_64,2,2,4096,False,0.566
148,im4gn.4xlarge,False,arm64,16,1,65536,False,1.58017
149,m7i-flex.4xlarge,False,x86_64,16,2,65536,False,3.38528
150,i4g.xlarge,False,arm64,4,1,32768,False,0.43477
151,c7a.12xlarge,False,x86_64,48,1,98304,False,2.46336
152,i3.metal,True,x86_64,72,2,524288,False,6.21
153,r7a.12xlarge,False,x86_64,48,1,393216,False,9.94176
154,c5a.16xlarge,False,x86_64,64,2,131072,False,26.464
155,m7gd.8xlarge,False,arm64,32,1,131072,False,1.8111
156,m3.medium,False,x86_64,1,1,3840,False,0.254
157,r6id.12xlarge,False,x86_64,48,2,393216,False,3.6288
158,c7gd.xlarge,False,arm64,4,1,8192,False,0.2486
159,m6a.8xlarge,False,x86_64,32,2,131072,False,1.64564
160,g4ad.8xlarge,False,x86_64,32,2,131072,True,1.859
161,r5dn.xlarge,False,x86_64,4,2,32768,False,1.91404
162,c6g.12xlarge,False,arm64,48,1,98304,False,1.716
163,c6id.large,False,x86_64,2,2,4096,False,0.1571
164,trn1.32xlarge,False,x86_64,128,2,524288,False,23.65
165,m7a.large,False,x86_64,2,1,8192,False,0.17592
166,r5n.large,False,x86_64,2,2,16384,False,0.205
167,r6g.medium,False,arm64,1,1,8192,False,0.0844
168,g4ad.2xlarge,False,x86_64,8,2,32768,True,0.59529
169,a1.metal,True,arm64,16,1,32768,False,0.573
170,m1.small,False,i386,1,1,1740,False,0.078
171,m1.small,False,x86_64,1,1,1740,False,0.078
172,r4.8xlarge,False,x86_64,32,2,249856,False,2.341
173,r6a.large,False,x86_64,2,2,16384,False,0.1734
174,m7i.8xlarge,False,x86_64,32,2,131072,False,5.61408
175,m5ad.16xlarge,False,x86_64,64,2,262144,False,10.976
176,r5b.4xlarge,False,x86_64,16,2,131072,False,1.5816
177,m6g.large,False,arm64,2,1,8192,False,0.0816
178,m6a.32xlarge,False,x86_64,128,2,524288,False,6.24756
179,inf2.xlarge,False,x86_64,4,2,16384,False,0.8182
180,c7g.large,False,arm64,2,1,4096,False,0.1675
181,m6gd.2xlarge,False,arm64,8,1,32768,False,0.5266
182,c5d.4xlarge,False,x86_64,16,2,32768,False,6.979
183,d3en.xlarge,False,x86_64,4,2,16384,False,1.058
184,r7iz.32xlarge,False,x86_64,128,2,1048576,False,15.4004
185,c5a.24xlarge,False,x86_64,96,2,196608,False,39.696
186,c5d.metal,True,x86_64,96,2,196608,False,4.773
187,g4dn.xlarge,False,x86_64,4,2,16384,True,0.565
188,m7i.24xlarge,False,x86_64,96,2,393216,False,4.9634
189,m5d.large,False,x86_64,2,2,8192,False,0.18
190,m5a.8xlarge,False,x86_64,32,2,131072,False,5.429
191,r7gd.16xlarge,False,arm64,64,1,524288,False,4.4846
192,c7gd.8xlarge,False,arm64,32,1,65536,False,1.7036
193,m6gd.medium,False,arm64,1,1,4096,False,0.1402
194,c7gn.4xlarge,False,arm64,16,1,32768,False,1.1634
195,m7a.12xlarge,False,x86_64,48,1,196608,False,20.78208
196,m5dn.24xlarge,False,x86_64,96,2,393216,False,42.528
197,g5.48xlarge,False,x86_64,192,2,786432,True,16.288
198,r7iz.xlarge,False,x86_64,4,2,32768,False,0.5042
199,t4g.large,False,arm64,2,1,8192,False,0.1235
200,m7g.metal,True,arm64,64,1,262144,False,2.7762
201,inf1.xlarge,False,x86_64,4,2,8192,False,0.323
202,r7a.large,False,x86_64,2,1,16384,False,0.24715
203,z1d.large,False,x86_64,2,2,16384,False,0.532
204,m4.xlarge,False,x86_64,4,2,16384,False,0.28
205,r5n.2xlarge,False,x86_64,8,2,65536,False,0.797
206,c7a.16xlarge,False,x86_64,64,1,131072,False,11.45793
207,x2iezn.8xlarge,False,x86_64,32,2,1048576,False,10.512
208,m6in.large,False,x86_64,2,2,8192,False,0.48815
209,m5n.16xlarge,False,x86_64,64,2,262144,False,14.662
210,r5dn.16xlarge,False,x86_64,64,2,524288,False,13.50964
211,m5n.12xlarge,False,x86_64,48,2,196608,False,20.856
212,m6gd.8xlarge,False,arm64,32,1,131072,False,1.5764
213,c7i.24xlarge,False,x86_64,96,2,196608,False,15.969
214,x2idn.16xlarge,False,x86_64,64,2,1048576,False,6.669
215,t4g.small,False,arm64,2,1,2048,False,0.0768
216,c4.4xlarge,False,x86_64,16,2,30720,False,7.612
217,r5a.xlarge,False,x86_64,4,2,32768,False,0.424
218,m5dn.4xlarge,False,x86_64,16,2,65536,False,7.253
219,m7gd.12xlarge,False,arm64,48,1,196608,False,2.5628
220,c5d.large,False,x86_64,2,2,4096,False,0.191
221,i3en.3xlarge,False,x86_64,12,2,98304,False,1.574
222,i4g.4xlarge,False,arm64,16,1,131072,False,1.48907
223,c5.2xlarge,False,x86_64,8,2,16384,False,1.615
224,m6idn.large,False,x86_64,2,2,8192,False,0.51003
225,i3.2xlarge,False,x86_64,8,2,62464,False,0.786
226,c5n.2xlarge,False,x86_64,8,2,21504,False,0.597
227,r6gd.4xlarge,False,arm64,16,1,131072,False,1.0866
228,m7gd.xlarge,False,arm64,4,1,16384,False,0.2827
229,m6a.16xlarge,False,x86_64,64,2,262144,False,3.15328
230,t3a.medium,False,x86_64,2,2,4096,False,0.1052
231,c5ad.12xlarge,False,x86_64,48,2,98304,False,22.272
232,c6g.8xlarge,False,arm64,32,1,65536,False,1.088
233,a1.4xlarge,False,arm64,16,1,32768,False,0.538
234,dl1.24xlarge,False,x86_64,96,2,786432,True,13.10904
235,c7a.8xlarge,False,x86_64,32,1,65536,False,13.80724
236,r5n.24xlarge,False,x86_64,96,2,786432,False,13.19
237,r5ad.2xlarge,False,x86_64,8,2,65536,False,0.68
238,im4gn.2xlarge,False,arm64,8,1,32768,False,0.74158
239,m6in.24xlarge,False,x86_64,96,2,393216,False,8.30544
240,c6in.4xlarge,False,x86_64,16,2,32768,False,7.0372
241,r6idn.2xlarge,False,x86_64,8,2,65536,False,2.10956
242,r7gd.large,False,arm64,2,1,16384,False,0.1961
243,m5.12xlarge,False,x86_64,48,2,196608,False,3.388
244,c6in.12xlarge,False,x86_64,48,2,98304,False,3.07776
245,c5.large,False,x86_64,2,2,4096,False,0.425
246,m6i.12xlarge,False,x86_64,48,2,196608,False,3.3456
247,r6a.24xlarge,False,x86_64,96,2,786432,False,17.50752
248,r7a.xlarge,False,x86_64,4,1,32768,False,0.8793
249,r7g.12xlarge,False,arm64,48,1,393216,False,2.8573
250,c7i.12xlarge,False,x86_64,48,2,98304,False,2.142
251,m5a.2xlarge,False,x86_64,8,2,32768,False,0.53
252,r6id.large,False,x86_64,2,2,16384,False,0.25832
253,r6id.2xlarge,False,x86_64,8,2,65536,False,1.7298
254,r5d.xlarge,False,x86_64,4,2,32768,False,1.024
255,g5g.8xlarge,False,arm64,32,1,65536,True,1.372
256,x2iedn.xlarge,False,x86_64,4,2,131072,False,1.08523
257,c5a.8xlarge,False,x86_64,32,2,65536,False,6.667
258,i4i.xlarge,False,x86_64,4,2,32768,False,1.938
259,c5n.xlarge,False,x86_64,4,2,10752,False,0.297
260,c6id.32xlarge,False,x86_64,128,2,262144,False,27.6992
261,p2.8xlarge,False,x86_64,32,2,499712,True,7.2
262,r7iz.16xlarge,False,x86_64,64,2,524288,False,6.064
263,p4d.24xlarge,False,x86_64,96,2,1179648,True,36.04986
264,c7g.2xlarge,False,arm64,8,1,16384,False,0.3082
265,m7g.medium,False,arm64,1,1,4096,False,0.0434
266,x2iedn.2xlarge,False,x86_64,8,2,262144,False,2.79225
267,r5ad.8xlarge,False,x86_64,32,2,262144,False,2.096
268,c7gd.4xlarge,False,arm64,16,1,32768,False,0.7693
269,c7a.large,False,x86_64,2,1,4096,False,0.1692
270,c7gn.2xlarge,False,arm64,8,1,16384,False,0.5292
271,m7gd.4xlarge,False,arm64,16,1,65536,False,1.0193
272,r6g.4xlarge,False,arm64,16,1,131072,False,0.8064
273,m7a.2xlarge,False,x86_64,8,1,32768,False,1.63505
274,r6gd.12xlarge,False,arm64,48,1,393216,False,2.9298
275,t3.large,False,x86_64,2,2,8192,False,0.1784
276,c6gd.large,False,arm64,2,1,4096,False,0.1718
277,i3.4xlarge,False,x86_64,16,2,124928,False,3.458
278,r5b.16xlarge,False,x86_64,64,2,524288,False,12.578
279,m5ad.24xlarge,False,x86_64,96,2,393216,False,41.245
280,m5.xlarge,False,x86_64,4,2,16384,False,1.859
281,t3a.2xlarge,False,x86_64,8,2,32768,False,3.448
282,t4g.nano,False,arm64,2,1,512,False,0.0042
283,m6g.2xlarge,False,arm64,8,1,32768,False,0.4564
284,r5.large,False,x86_64,2,2,16384,False,0.293
285,m5d.2xlarge,False,x86_64,8,2,32768,False,0.552
286,c5a.xlarge,False,x86_64,4,2,8192,False,0.237
287,c6a.32xlarge,False,x86_64,128,2,262144,False,5.3856
288,im4gn.16xlarge,False,arm64,64,1,262144,False,5.98567
289,m5d.12xlarge,False,x86_64,48,2,196608,False,3.821
290,x2idn.32xlarge,False,x86_64,128,2,2097152,False,15.5012
291,m5ad.12xlarge,False,x86_64,48,2,196608,False,20.472
292,c6gd.12xlarge,False,arm64,48,1,98304,False,1.9732
293,c6g.2xlarge,False,arm64,8,1,16384,False,0.437
294,r6g.12xlarge,False,arm64,48,1,393216,False,2.5442
295,c4.8xlarge,False,x86_64,36,2,61440,False,6.05
296,z1d.6xlarge,False,x86_64,24,2,196608,False,2.491
297,m7a.24xlarge,False,x86_64,96,1,393216,False,17.21416
298,r6g.16xlarge,False,arm64,64,1,524288,False,3.3376
299,r7g.16xlarge,False,arm64,64,1,524288,False,3.5522
300,m6a.large,False,x86_64,2,2,8192,False,0.0899
301,r6idn.4xlarge,False,x86_64,16,2,131072,False,2.72583
302,m6a.48xlarge,False,x86_64,192,2,786432,False,31.4994
303,r4.4xlarge,False,x86_64,16,2,124928,False,1.3
304,g5g.16xlarge,False,arm64,64,1,131072,True,2.909
305,r7a.8xlarge,False,x86_64,32,1,262144,False,6.51784
306,m5a.large,False,x86_64,2,2,8192,False,0.566
307,r5b.8xlarge,False,x86_64,32,2,262144,False,4.6352
308,m5d.metal,True,x86_64,96,2,393216,False,41.589
309,i3en.2xlarge,False,x86_64,8,2,65536,False,1.088
310,r6gd.medium,False,arm64,1,1,8192,False,0.0576
311,m5.4xlarge,False,x86_64,16,2,65536,False,0.945
312,x2gd.2xlarge,False,arm64,8,1,131072,False,0.668
313,t4g.medium,False,arm64,2,1,4096,False,0.0371
314,c6g.metal,True,arm64,64,1,131072,False,2.3066
315,c6in.large,False,x86_64,2,2,4096,False,0.21874
316,c7a.48xlarge,False,x86_64,192,1,393216,False,10.18944
317,r6g.large,False,arm64,2,1,16384,False,0.2018
318,r6a.32xlarge,False,x86_64,128,2,1048576,False,7.98336
319,r7g.xlarge,False,arm64,4,1,32768,False,0.2212
320,c6in.xlarge,False,x86_64,4,2,8192,False,0.3548
321,c6id.2xlarge,False,x86_64,8,2,16384,False,1.56852
322,r5n.8xlarge,False,x86_64,32,2,262144,False,3.068
323,g4ad.4xlarge,False,x86_64,16,2,65536,True,1.6897
324,c7gn.medium,False,arm64,1,1,2048,False,0.0661
325,c3.xlarge,False,x86_64,4,2,7680,False,0.27
326,m5n.4xlarge,False,x86_64,16,2,65536,False,3.608
327,m5dn.16xlarge,False,x86_64,64,2,262144,False,12.197
328,i2.4xlarge,False,x86_64,16,2,124928,False,10.146
329,m7g.xlarge,False,arm64,4,1,16384,False,0.1632
330,i3.8xlarge,False,x86_64,32,2,249856,False,2.876
331,c6gd.metal,True,arm64,64,1,131072,False,2.5696
332,r5.xlarge,False,x86_64,4,2,32768,False,0.807
333,r6in.8xlarge,False,x86_64,32,2,262144,False,1.472
334,x2gd.16xlarge,False,arm64,64,1,1048576,False,5.456
335,c6i.32xlarge,False,x86_64,128,2,262144,False,21.509
336,r6g.2xlarge,False,arm64,8,1,65536,False,0.4274
337,m5n.8xlarge,False,x86_64,32,2,131072,False,2.069
338,c6gd.16xlarge,False,arm64,64,1,131072,False,2.5696
339,r6i.xlarge,False,x86_64,4,2,32768,False,0.3722
340,z1d.12xlarge,False,x86_64,48,2,393216,False,6.672
341,r6id.8xlarge,False,x86_64,32,2,262144,False,2.5492
342,i4i.4xlarge,False,x86_64,16,2,131072,False,1.51
343,m7g.12xlarge,False,arm64,48,1,196608,False,2.0818
344,x2iezn.metal,True,x86_64,48,2,1572864,False,10.138
345,r7gd.4xlarge,False,arm64,16,1,131072,False,1.1166
346,r6gd.xlarge,False,arm64,4,1,32768,False,0.2512
347,c7gn.8xlarge,False,arm64,32,1,65536,False,1.9968
348,r7iz.4xlarge,False,x86_64,16,2,131072,False,7.8018
349,x2iedn.8xlarge,False,x86_64,32,2,1048576,False,8.6818
350,m7a.medium,False,x86_64,1,1,4096,False,0.13496
351,m5ad.8xlarge,False,x86_64,32,2,131072,False,1.803
352,r6in.16xlarge,False,x86_64,64,2,524288,False,13.98142
353,x2gd.xlarge,False,arm64,4,1,65536,False,0.4274
354,m6id.32xlarge,False,x86_64,128,2,524288,False,13.4816
355,m6g.4xlarge,False,arm64,16,1,65536,False,0.644
356,z1d.2xlarge,False,x86_64,8,2,65536,False,4.157
357,m7i.12xlarge,False,x86_64,48,2,196608,False,3.3652
358,g5.4xlarge,False,x86_64,16,2,65536,True,1.8144
359,c6gn.medium,False,arm64,1,1,2048,False,0.04495
360,g3s.xlarge,False,x86_64,4,2,31232,True,0.81
361,im4gn.8xlarge,False,arm64,32,1,131072,False,3.32637
362,r6idn.8xlarge,False,x86_64,32,2,262144,False,7.13124
363,m6i.8xlarge,False,x86_64,32,2,131072,False,5.506
364,m5zn.6xlarge,False,x86_64,24,2,98304,False,5.966
365,m6g.metal,True,arm64,64,1,262144,False,2.629
366,m7g.4xlarge,False,arm64,16,1,65536,False,0.8589
367,c6g.4xlarge,False,arm64,16,1,32768,False,0.7416
368,r6a.4xlarge,False,x86_64,16,2,131072,False,1.0722
369,m7a.4xlarge,False,x86_64,16,1,65536,False,1.09236
370,r3.4xlarge,False,x86_64,16,2,124928,False,5.044
371,g5g.xlarge,False,arm64,4,1,8192,True,0.4763
372,m5a.24xlarge,False,x86_64,96,2,393216,False,40.293
373,r6in.12xlarge,False,x86_64,48,2,393216,False,4.72731
374,r5a.2xlarge,False,x86_64,8,2,65536,False,1.439
375,r6idn.metal,True,x86_64,128,2,1048576,False,60.50496
376,c6a.xlarge,False,x86_64,4,2,8192,False,0.1683
377,m6gd.4xlarge,False,arm64,16,1,65536,False,0.8882
378,r6i.large,False,x86_64,2,2,16384,False,0.7106
379,r6in.2xlarge,False,x86_64,8,2,65536,False,0.69732
380,m6id.12xlarge,False,x86_64,48,2,196608,False,2.8476
381,c5a.4xlarge,False,x86_64,16,2,32768,False,0.741
382,c5a.2xlarge,False,x86_64,8,2,16384,False,0.322
383,t4g.micro,False,arm64,2,1,1024,False,0.0084
384,is4gen.xlarge,False,arm64,4,1,24576,False,0.5833
385,r6a.metal,True,x86_64,192,2,1572864,False,14.2804
386,r5dn.24xlarge,False,x86_64,96,2,786432,False,8.184
387,x2iedn.32xlarge,False,x86_64,128,2,4194304,False,74.841
388,m4.16xlarge,False,x86_64,64,2,262144,False,30.144
389,c5a.12xlarge,False,x86_64,48,2,98304,False,7.958
390,m6in.8xlarge,False,x86_64,32,2,131072,False,6.06768
391,c7gd.large,False,arm64,2,1,4096,False,0.0997
392,g4dn.metal,True,x86_64,96,2,393216,True,12.24
393,m6idn.metal,True,x86_64,128,2,524288,False,58.18368
394,r6gd.2xlarge,False,arm64,8,1,65536,False,0.4884
395,r3.xlarge,False,x86_64,4,2,31232,False,0.907
396,g4dn.16xlarge,False,x86_64,64,2,262144,True,4.352
397,f1.2xlarge,False,x86_64,8,2,124928,False,1.915
398,r7iz.12xlarge,False,x86_64,48,2,393216,False,10.6704
399,c6i.4xlarge,False,x86_64,16,2,32768,False,0.748
400,c5d.2xlarge,False,x86_64,8,2,16384,False,1.012
401,r6i.2xlarge,False,x86_64,8,2,65536,False,0.5684
402,r5a.12xlarge,False,x86_64,48,2,393216,False,2.875
403,r5a.large,False,x86_64,2,2,16384,False,0.205
404,trn1.2xlarge,False,x86_64,8,2,32768,False,1.47813
405,r6i.32xlarge,False,x86_64,128,2,1048576,False,61.952
406,g4dn.8xlarge,False,x86_64,32,2,131072,True,2.341
407,m2.2xlarge,False,x86_64,4,1,35020,False,0.69
408,g5.16xlarge,False,x86_64,64,2,262144,True,7.4496
409,m5d.8xlarge,False,x86_64,32,2,131072,False,7.12
410,c6id.4xlarge,False,x86_64,16,2,32768,False,3.54304
411,x2iedn.metal,True,x86_64,128,2,4194304,False,28.982
412,m6id.24xlarge,False,x86_64,96,2,393216,False,41.6952
413,m4.large,False,x86_64,2,2,8192,False,0.202
414,m3.large,False,x86_64,2,2,7680,False,0.133
415,c6g.large,False,arm64,2,1,4096,False,0.128
416,r5a.8xlarge,False,x86_64,32,2,262144,False,1.972
417,m7i.16xlarge,False,x86_64,64,2,262144,False,7.2512
418,r4.xlarge,False,x86_64,4,2,31232,False,0.45
419,r5.16xlarge,False,x86_64,64,2,524288,False,28.404
420,m6gd.large,False,arm64,2,1,8192,False,0.1521
421,m7i-flex.8xlarge,False,x86_64,32,2,131072,False,5.53716
422,m6idn.12xlarge,False,x86_64,48,2,196608,False,3.81888
423,h1.2xlarge,False,x86_64,8,2,32768,False,1.458
424,m5dn.12xlarge,False,x86_64,48,2,196608,False,3.625
425,m5n.large,False,x86_64,2,2,8192,False,0.419
426,m7i-flex.large,False,x86_64,2,2,8192,False,0.09926
427,t2.xlarge,False,x86_64,4,1,16384,False,0.1856
428,c5ad.24xlarge,False,x86_64,96,2,196608,False,15.778
429,x2idn.metal,True,x86_64,128,2,2097152,False,67.226
430,r5a.4xlarge,False,x86_64,16,2,131072,False,1.174
431,c5.9xlarge,False,x86_64,36,2,73728,False,15.195
432,c5ad.4xlarge,False,x86_64,16,2,32768,False,0.757
433,r5a.24xlarge,False,x86_64,96,2,786432,False,5.88
434,r6id.32xlarge,False,x86_64,128,2,1048576,False,25.1668
435,r7g.8xlarge,False,arm64,32,1,262144,False,1.9516
436,m6i.24xlarge,False,x86_64,96,2,393216,False,5.1938
437,r5.24xlarge,False,x86_64,96,2,786432,False,6.173
438,m5ad.2xlarge,False,x86_64,8,2,32768,False,3.542
439,m6i.32xlarge,False,x86_64,128,2,524288,False,6.8884
440,t4g.xlarge,False,arm64,4,1,16384,False,0.1414
441,r6in.24xlarge,False,x86_64,96,2,786432,False,10.96662
442,r5dn.4xlarge,False,x86_64,16,2,131072,False,8.152
443,m7g.large,False,arm64,2,1,8192,False,0.0867
444,r6i.24xlarge,False,x86_64,96,2,786432,False,17.698
445,c6in.2xlarge,False,x86_64,8,2,16384,False,0.4676
446,m3.2xlarge,False,x86_64,8,2,30720,False,3.536
447,i4i.2xlarge,False,x86_64,8,2,65536,False,3.851
448,r5a.16xlarge,False,x86_64,64,2,524288,False,3.781
449,m6a.2xlarge,False,x86_64,8,2,32768,False,0.8488
450,m7gd.2xlarge,False,arm64,8,1,32768,False,0.5521
451,m4.4xlarge,False,x86_64,16,2,65536,False,0.965
452,x1e.16xlarge,False,x86_64,64,2,1998848,False,17.622
453,r6i.8xlarge,False,x86_64,32,2,262144,False,14.146
454,h1.16xlarge,False,x86_64,64,2,262144,False,11.424
455,is4gen.4xlarge,False,arm64,16,1,98304,False,2.4302
456,i3en.metal,True,x86_64,96,2,786432,False,22.498
457,m5.16xlarge,False,x86_64,64,2,262144,False,27.259
458,r5dn.12xlarge,False,x86_64,48,2,393216,False,4.33248
459,d3en.12xlarge,False,x86_64,48,2,196608,False,14.27664
460,vt1.24xlarge,False,x86_64,96,2,196608,False,5.33
461,r5d.large,False,x86_64,2,2,16384,False,0.716
462,r5d.8xlarge,False,x86_64,32,2,262144,False,3.594
463,m3.xlarge,False,x86_64,4,2,15360,False,0.518
464,m5zn.12xlarge,False,x86_64,48,2,196608,False,4.0481
465,r4.2xlarge,False,x86_64,8,2,62464,False,0.7502
466,m6idn.4xlarge,False,x86_64,16,2,65536,False,1.43796
467,c7gn.12xlarge,False,arm64,48,1,98304,False,2.9952
468,r7g.metal,True,arm64,64,1,524288,False,3.5392
469,c6i.24xlarge,False,x86_64,96,2,196608,False,40.653
470,i4g.2xlarge,False,arm64,8,1,65536,False,0.78276
471,r6i.metal,True,x86_64,128,2,1048576,False,10.2272
472,i4i.8xlarge,False,x86_64,32,2,262144,False,2.746
473,c7i.4xlarge,False,x86_64,16,2,32768,False,1.0558
474,c7i.48xlarge,False,x86_64,192,2,393216,False,80.698
475,p2.xlarge,False,x86_64,4,2,62464,True,0.997
476,c7g.8xlarge,False,arm64,32,1,65536,False,1.285
477,r6in.metal,True,x86_64,128,2,1048576,False,26.51712
478,x2iezn.6xlarge,False,x86_64,24,2,786432,False,14.169
479,r7a.16xlarge,False,x86_64,64,1,524288,False,29.35568
480,m7i-flex.xlarge,False,x86_64,4,2,16384,False,0.19852
481,r6i.4xlarge,False,x86_64,16,2,131072,False,1.008
482,c6i.12xlarge,False,x86_64,48,2,98304,False,5.0592
483,c5ad.8xlarge,False,x86_64,32,2,65536,False,1.541
484,c6i.metal,True,x86_64,128,2,262144,False,5.664
485,m7i.2xlarge,False,x86_64,8,2,32768,False,0.5332
486,m4.10xlarge,False,x86_64,40,2,163840,False,2.07
487,c6id.xlarge,False,x86_64,4,2,8192,False,1.7616
488,t3a.small,False,x86_64,2,2,2048,False,0.0498
489,r7a.32xlarge,False,x86_64,128,1,1048576,False,10.83636
490,m5ad.xlarge,False,x86_64,4,2,16384,False,1.801
491,r6a.xlarge,False,x86_64,4,2,32768,False,0.7668
492,m6idn.32xlarge,False,x86_64,128,2,524288,False,10.40768
493,x2gd.large,False,arm64,2,1,32768,False,0.227
494,m5d.24xlarge,False,x86_64,96,2,393216,False,11.462
495,c6a.16xlarge,False,x86_64,64,2,131072,False,2.448
496,x2iedn.16xlarge,False,x86_64,64,2,2097152,False,23.962
497,c7gn.large,False,arm64,2,1,4096,False,0.1811
498,m4.2xlarge,False,x86_64,8,2,32768,False,0.983
499,m6i.large,False,x86_64,2,2,8192,False,0.096
500,c5a.large,False,x86_64,2,2,4096,False,0.081
501,m6idn.2xlarge,False,x86_64,8,2,32768,False,1.06813
502,m5.large,False,x86_64,2,2,8192,False,0.437
503,c5d.24xlarge,False,x86_64,96,2,196608,False,40.608
504,t1.micro,False,i386,1,1,627,False,0.02
505,t1.micro,False,x86_64,1,1,627,False,0.02
506,m5a.4xlarge,False,x86_64,16,2,65536,False,3.386
507,c7gd.2xlarge,False,arm64,8,1,16384,False,0.3629
508,c6gd.2xlarge,False,arm64,8,1,16384,False,0.4556
509,m5zn.large,False,x86_64,2,2,8192,False,0.2417
510,r5b.24xlarge,False,x86_64,96,2,786432,False,43.9972
511,c6in.metal,True,x86_64,128,2,262144,False,22.7476
512,m5n.2xlarge,False,x86_64,8,2,32768,False,3.635
513,h1.8xlarge,False,x86_64,32,2,131072,False,1.872
514,m5.24xlarge,False,x86_64,96,2,393216,False,10.646
515,vt1.3xlarge,False,x86_64,12,2,24576,False,0.736
516,c6gn.2xlarge,False,arm64,8,1,16384,False,0.3456
517,c5.metal,True,x86_64,96,2,196608,False,5.702
518,i3.xlarge,False,x86_64,4,2,31232,False,0.823
519,r5dn.large,False,x86_64,2,2,16384,False,0.467
520,d3en.2xlarge,False,x86_64,8,2,32768,False,2.011
521,r7iz.large,False,x86_64,2,2,16384,False,0.2609
522,c5n.9xlarge,False,x86_64,36,2,98304,False,2.124
523,r4.16xlarge,False,x86_64,64,2,499712,False,4.421
524,g3.16xlarge,False,x86_64,64,2,499712,True,4.672
525,m6gd.metal,True,arm64,64,1,262144,False,3.0228
526,t2.2xlarge,False,x86_64,8,1,32768,False,0.3712
527,r6id.16xlarge,False,x86_64,64,2,524288,False,5.32224
528,c7a.24xlarge,False,x86_64,96,1,196608,False,17.06939
529,m6idn.8xlarge,False,x86_64,32,2,131072,False,14.93051
530,i3en.12xlarge,False,x86_64,48,2,393216,False,13.744
531,p3.16xlarge,False,x86_64,64,2,499712,True,24.58
532,x2iedn.24xlarge,False,x86_64,96,2,3145728,False,35.943
533,m5dn.large,False,x86_64,2,2,8192,False,0.196
534,c5ad.2xlarge,False,x86_64,8,2,16384,False,3.378
535,inf1.6xlarge,False,x86_64,24,2,49152,False,4.261
536,t3.nano,False,x86_64,2,2,512,False,0.0087
537,m6in.2xlarge,False,x86_64,8,2,32768,False,0.74781
538,c6a.24xlarge,False,x86_64,96,2,196608,False,19.608
539,x2iezn.2xlarge,False,x86_64,8,2,262144,False,2.758
540,c7i.xlarge,False,x86_64,4,2,8192,False,0.86035
541,c7g.medium,False,arm64,1,1,2048,False,0.0673
542,x2iezn.12xlarge,False,x86_64,48,2,1572864,False,10.173
543,r6g.8xlarge,False,arm64,32,1,262144,False,1.7778
544,p3.2xlarge,False,x86_64,8,2,62464,True,3.259
545,t3.2xlarge,False,x86_64,8,2,32768,False,0.3667
546,m1.medium,False,i386,1,1,3788,False,0.087
547,m1.medium,False,x86_64,1,1,3788,False,0.087
548,r5d.12xlarge,False,x86_64,48,2,393216,False,4.475
549,d2.2xlarge,False,x86_64,8,2,62464,False,1.661
550,c6gd.xlarge,False,arm64,4,1,8192,False,0.2191
551,m6i.16xlarge,False,x86_64,64,2,262144,False,10.882
552,c6i.8xlarge,False,x86_64,32,2,65536,False,6.808
553,z1d.3xlarge,False,x86_64,12,2,98304,False,5.813
554,c7i.16xlarge,False,x86_64,64,2,131072,False,10.536
555,t3.xlarge,False,x86_64,4,2,16384,False,1.7976
556,r7g.4xlarge,False,arm64,16,1,131072,False,0.8848
557,r5b.2xlarge,False,x86_64,8,2,65536,False,1.7456
558,m1.large,False,x86_64,2,1,7680,False,1.051
559,c7gn.16xlarge,False,arm64,64,1,131072,False,4.1056
560,m5.8xlarge,False,x86_64,32,2,131072,False,3.392
561,inf2.48xlarge,False,x86_64,192,2,786432,False,14.40939
562,r4.large,False,x86_64,2,2,15616,False,0.206
563,m6in.4xlarge,False,x86_64,16,2,65536,False,7.27884
564,is4gen.medium,False,arm64,1,1,6144,False,0.14408
565,m6i.2xlarge,False,x86_64,8,2,32768,False,0.368
566,c6g.medium,False,arm64,1,1,2048,False,0.094
567,m6g.medium,False,arm64,1,1,4096,False,0.0718
568,r6gd.16xlarge,False,arm64,64,1,524288,False,3.7984
569,x2gd.metal,True,arm64,64,1,1048576,False,6.0084
570,g5.8xlarge,False,x86_64,32,2,131072,True,2.448
571,g4ad.16xlarge,False,x86_64,64,2,262144,True,3.58
572,t3.micro,False,x86_64,2,2,1024,False,0.0104
573,m6i.metal,True,x86_64,128,2,524288,False,21.504
574,r6in.4xlarge,False,x86_64,16,2,131072,False,1.5341
575,d2.4xlarge,False,x86_64,16,2,124928,False,3.146
576,i3en.24xlarge,False,x86_64,96,2,786432,False,15.264
577,r6a.8xlarge,False,x86_64,32,2,262144,False,3.2864
578,r6idn.large,False,x86_64,2,2,16384,False,0.28253
579,m2.4xlarge,False,x86_64,8,1,70041,False,1.208
580,r7gd.medium,False,arm64,1,1,8192,False,0.0698
581,g5.24xlarge,False,x86_64,96,2,393216,True,12.56
582,p5.48xlarge,False,x86_64,192,2,2097152,True,98.32
583,m6id.large,False,x86_64,2,2,8192,False,0.41865
584,r7iz.2xlarge,False,x86_64,8,2,65536,False,0.9484
585,d2.8xlarge,False,x86_64,36,2,249856,False,5.583
586,i4i.metal,True,x86_64,128,2,1048576,False,11.147
587,i4g.large,False,arm64,2,1,16384,False,0.26488
588,x1e.4xlarge,False,x86_64,16,2,499712,False,3.835
589,c6gn.12xlarge,False,arm64,48,1,98304,False,2.2386
590,m6in.metal,True,x86_64,128,2,524288,False,57.04072
591,r5ad.16xlarge,False,x86_64,64,2,524288,False,12.289
592,c7i.8xlarge,False,x86_64,32,2,65536,False,1.472
593,d3en.6xlarge,False,x86_64,24,2,98304,False,4.979
594,x2gd.8xlarge,False,arm64,32,1,524288,False,2.9952
595,c7g.4xlarge,False,arm64,16,1,32768,False,0.608
596,m5zn.3xlarge,False,x86_64,12,2,49152,False,1.6421
597,r5d.2xlarge,False,x86_64,8,2,65536,False,4.131
598,t2.medium,False,i386,2,1,4096,False,0.0499
599,t2.medium,False,x86_64,2,1,4096,False,0.0499
600,c6gn.8xlarge,False,arm64,32,1,65536,False,1.4384
601,c5d.18xlarge,False,x86_64,72,2,147456,False,33.768
602,m7a.8xlarge,False,x86_64,32,1,131072,False,13.85472
603,r6a.16xlarge,False,x86_64,64,2,524288,False,6.93568
604,r6idn.12xlarge,False,x86_64,48,2,393216,False,5.1583
605,c6i.16xlarge,False,x86_64,64,2,131072,False,10.565
606,d2.xlarge,False,x86_64,4,2,31232,False,0.869
607,p2.16xlarge,False,x86_64,64,2,749568,True,14.4
608,x1e.32xlarge,False,x86_64,128,2,3997696,False,28.994
609,r6a.12xlarge,False,x86_64,48,2,393216,False,2.208
610,c5d.12xlarge,False,x86_64,48,2,98304,False,3.826
611,i3.large,False,x86_64,2,2,15616,False,0.256
612,h1.4xlarge,False,x86_64,16,2,65536,False,2.178
613,g5.2xlarge,False,x86_64,8,2,32768,True,1.337
614,c3.8xlarge,False,x86_64,32,2,61440,False,8.523
615,c5d.9xlarge,False,x86_64,36,2,73728,False,2.47
616,t3a.large,False,x86_64,2,2,8192,False,0.1704
617,c5.24xlarge,False,x86_64,96,2,196608,False,8.854
618,r5.metal,True,x86_64,96,2,786432,False,7.67
619,r7a.48xlarge,False,x86_64,192,1,1572864,False,14.6064
620,i4g.8xlarge,False,arm64,32,1,262144,False,2.60104
621,m6id.8xlarge,False,x86_64,32,2,131072,False,14.08824
622,m5.2xlarge,False,x86_64,8,2,32768,False,1.532
623,r7gd.2xlarge,False,arm64,8,1,65536,False,0.5583
624,r5.8xlarge,False,x86_64,32,2,262144,False,14.302
625,r5.4xlarge,False,x86_64,16,2,131072,False,1.233
626,t2.small,False,i386,1,1,2048,False,0.1002
627,t2.small,False,x86_64,1,1,2048,False,0.1002
628,is4gen.8xlarge,False,arm64,32,1,196608,False,4.7354
629,m6id.2xlarge,False,x86_64,8,2,32768,False,0.7406
630,m6g.12xlarge,False,arm64,48,1,196608,False,2.0834
631,g3.4xlarge,False,x86_64,16,2,124928,True,1.354
632,inf2.24xlarge,False,x86_64,96,2,393216,False,6.49063
633,m7a.48xlarge,False,x86_64,192,1,786432,False,11.29332
634,x1e.xlarge,False,x86_64,4,2,124928,False,2.429
635,m5ad.4xlarge,False,x86_64,16,2,65536,False,0.874
636,c6a.8xlarge,False,x86_64,32,2,65536,False,1.7648
637,m7gd.16xlarge,False,arm64,64,1,262144,False,3.4171
638,c5ad.16xlarge,False,x86_64,64,2,131072,False,3.152
639,d3.xlarge,False,x86_64,4,2,32768,False,2.233
640,r7g.2xlarge,False,arm64,8,1,65536,False,0.5934
641,m7i.large,False,x86_64,2,2,8192,False,0.11088
642,g3.8xlarge,False,x86_64,32,2,249856,True,2.673
643,a1.xlarge,False,arm64,4,1,8192,False,0.162
644,g5g.2xlarge,False,arm64,8,1,16384,True,0.5894
645,c6a.4xlarge,False,x86_64,16,2,32768,False,3.3292
646,c3.2xlarge,False,x86_64,8,2,15360,False,0.05
647,r5n.16xlarge,False,x86_64,64,2,524288,False,5.054
648,c6a.2xlarge,False,x86_64,8,2,16384,False,1.4616
649,r5d.4xlarge,False,x86_64,16,2,131072,False,1.842
650,c5d.xlarge,False,x86_64,4,2,8192,False,0.829
651,c3.large,False,i386,2,2,3840,False,0.173
652,c3.large,False,x86_64,2,2,3840,False,0.173
653,m7a.metal-48xl,True,x86_64,192,1,786432,False,11.25332
654,m6a.metal,True,x86_64,192,2,786432,False,8.2944
655,d3en.4xlarge,False,x86_64,16,2,65536,False,2.505
656,c5.xlarge,False,x86_64,4,2,8192,False,0.364
657,c6i.large,False,x86_64,2,2,4096,False,0.0885
658,inf1.2xlarge,False,x86_64,8,2,16384,False,1.344
659,m5a.16xlarge,False,x86_64,64,2,262144,False,4.135
660,c6gd.medium,False,arm64,1,1,2048,False,0.0984
661,r5dn.8xlarge,False,x86_64,32,2,262144,False,4.144
662,c7g.12xlarge,False,arm64,48,1,98304,False,1.87
663,c7g.metal,True,arm64,64,1,131072,False,2.432
664,c6a.12xlarge,False,x86_64,48,2,98304,False,19.836
665,t3.small,False,x86_64,2,2,2048,False,0.1148
666,t2.micro,False,i386,1,1,1024,False,0.0716
667,t2.micro,False,x86_64,1,1,1024,False,0.0716
668,c3.4xlarge,False,x86_64,16,2,30720,False,6.97
669,r5b.12xlarge,False,x86_64,48,2,393216,False,3.576
670,t3a.micro,False,x86_64,2,2,1024,False,0.0694
671,g5.12xlarge,False,x86_64,48,2,196608,True,7.88
672,r6id.xlarge,False,x86_64,4,2,32768,False,0.3024
673,c7g.16xlarge,False,arm64,64,1,131072,False,2.432
674,c6in.16xlarge,False,x86_64,64,2,131072,False,27.99168
675,m6in.xlarge,False,x86_64,4,2,16384,False,0.94246
676,c6in.32xlarge,False,x86_64,128,2,262144,False,7.2576
677,c6i.xlarge,False,x86_64,4,2,8192,False,0.834
678,r7gd.xlarge,False,arm64,4,1,32768,False,0.3485
679,c7i.large,False,x86_64,2,2,4096,False,0.19018
680,r3.large,False,x86_64,2,2,15360,False,0.26
681,inf1.24xlarge,False,x86_64,96,2,196608,False,5.005
682,t3a.nano,False,x86_64,2,2,512,False,0.0082
683,t2.large,False,x86_64,2,1,8192,False,0.1208
684,i4i.32xlarge,False,x86_64,128,2,1048576,False,11.1074
685,g4dn.2xlarge,False,x86_64,8,2,32768,True,1.09
686,i3en.xlarge,False,x86_64,4,2,32768,False,1.981
687,m7i.xlarge,False,x86_64,4,2,16384,False,0.6816
688,c5ad.xlarge,False,x86_64,4,2,8192,False,1.873
689,c1.medium,False,i386,2,1,1740,False,0.231
690,c1.medium,False,x86_64,2,1,1740,False,0.231
691,t3.medium,False,x86_64,2,2,4096,False,0.112
692,p3dn.24xlarge,False,x86_64,96,2,786432,True,35.628
693,c6i.2xlarge,False,x86_64,8,2,16384,False,3.374
694,m5zn.2xlarge,False,x86_64,8,2,32768,False,3.8567
695,r5ad.large,False,x86_64,2,2,16384,False,0.135
696,r6a.48xlarge,False,x86_64,192,2,1572864,False,34.0564
697,m1.xlarge,False,x86_64,4,1,15360,False,0.598
698,m6id.4xlarge,False,x86_64,16,2,65536,False,0.736
699,r7a.24xlarge,False,x86_64,96,1,786432,False,8.20152
700,m5d.16xlarge,False,x86_64,64,2,262144,False,3.965
701,r5n.metal,True,x86_64,96,2,786432,False,18.802
702,r6gd.metal,True,arm64,64,1,524288,False,3.8164
703,r6id.24xlarge,False,x86_64,96,2,786432,False,8.10836
704,r6gd.large,False,arm64,2,1,16384,False,0.1821
705,c6g.16xlarge,False,arm64,64,1,131072,False,2.301
706,t3a.xlarge,False,x86_64,4,2,16384,False,0.2454
707,r6g.metal,True,arm64,64,1,524288,False,3.4191
708,c6gd.4xlarge,False,arm64,16,1,32768,False,0.8163
709,r7g.medium,False,arm64,1,1,8192,False,0.1099
710,m5zn.xlarge,False,x86_64,4,2,16384,False,0.4914
711,m7a.32xlarge,False,x86_64,128,1,524288,False,62.04877
712,x2gd.4xlarge,False,arm64,16,1,262144,False,1.466
713,f1.16xlarge,False,x86_64,64,2,999424,False,13.2
714,x2gd.12xlarge,False,arm64,48,1,786432,False,4.4088
715,g4ad.xlarge,False,x86_64,4,2,16384,True,0.51138
716,im4gn.large,False,arm64,2,1,8192,False,0.2769
717,c5n.large,False,x86_64,2,2,5376,False,0.588
718,c5n.metal,True,x86_64,72,2,196608,False,12.658
719,i4i.large,False,x86_64,2,2,16384,False,0.281
720,r6i.12xlarge,False,x86_64,48,2,393216,False,21.154
721,is4gen.2xlarge,False,arm64,8,1,49152,False,1.3176
722,r6in.32xlarge,False,x86_64,128,2,1048576,False,65.04512
723,m6g.8xlarge,False,arm64,32,1,131072,False,1.232
724,m7i.4xlarge,False,x86_64,16,2,65536,False,0.8064
725,vt1.6xlarge,False,x86_64,24,2,49152,False,1.465
726,i3en.6xlarge,False,x86_64,24,2,196608,False,4.398
727,c6id.8xlarge,False,x86_64,32,2,65536,False,1.6688
728,x1.32xlarge,False,x86_64,128,2,1998848,False,61.338
729,m5a.12xlarge,False,x86_64,48,2,196608,False,2.229
730,a1.2xlarge,False,arm64,8,1,16384,False,0.3462
731,m5n.24xlarge,False,x86_64,96,2,393216,False,17.397
732,r6g.xlarge,False,arm64,4,1,32768,False,0.2616
733,r5n.12xlarge,False,x86_64,48,2,393216,False,21.576
734,c6gn.16xlarge,False,arm64,64,1,131072,False,2.8768
735,c6in.8xlarge,False,x86_64,32,2,65536,False,1.99584
